[
  {
    "id": "600608",
    "imageId": "rng/md/carousel/production/b4ff78ecc5b8b66f732dd06228916d65",
    "action": {
      "link": "swiggy://explore?query=Biryani",
      "text": "Popular Cuisines",
      "type": "DEEPLINK"
    },
    "entityType": "BANNER",
    "accessibility": {},
    "entityId": "swiggy://explore?query=Biryani",
    "frequencyCapping": {}
  },
  {
    "id": "600995",
    "imageId": "rng/md/carousel/production/3df4fca020027e89b89c733cdffc4966",
    "action": {
      "link": "swiggy://explore?query=Rolls",
      "text": "Popular Cuisines",
      "type": "DEEPLINK"
    },
    "entityType": "BANNER",
    "accessibility": {},
    "entityId": "swiggy://explore?query=Rolls",
    "frequencyCapping": {}
  },
  {
    "id": "600813",
    "imageId": "rng/md/carousel/production/5dd234f7decdac4b4f71a2ff1408e10f",
    "action": {
      "link": "swiggy://explore?query=Pizza",
      "text": "Popular Cuisines",
      "type": "DEEPLINK"
    },
    "entityType": "BANNER",
    "accessibility": {},
    "entityId": "swiggy://explore?query=Pizza",
    "frequencyCapping": {}
  },
  {
    "id": "600833",
    "imageId": "rng/md/carousel/production/e76b511935016406e6ebc11dd7593387",
    "action": {
      "link": "swiggy://explore?query=Burgers",
      "text": "Popular Cuisines",
      "type": "DEEPLINK"
    },
    "entityType": "BANNER",
    "accessibility": {},
    "entityId": "swiggy://explore?query=Burgers",
    "frequencyCapping": {}
  },
  {
    "id": "601016",
    "imageId": "rng/md/carousel/production/87664acb0f9dd95d10a549bb8190ab27",
    "action": {
      "link": "swiggy://explore?query=Tea",
      "text": "Popular Cuisines",
      "type": "DEEPLINK"
    },
    "entityType": "BANNER",
    "accessibility": {},
    "entityId": "swiggy://explore?query=Tea",
    "frequencyCapping": {}
  },
  {
    "id": "600854",
    "imageId": "rng/md/carousel/production/89f3fec702aef5acbb51a6cbc284b3f7",
    "action": {
      "link": "swiggy://explore?query=Chinese",
      "text": "Popular Cuisines",
      "type": "DEEPLINK"
    },
    "entityType": "BANNER",
    "accessibility": {},
    "entityId": "swiggy://explore?query=Chinese",
    "frequencyCapping": {}
  },
  {
    "id": "600868",
    "imageId": "rng/md/carousel/production/8322f6d6df488dc1f5a6674cfe863f0f",
    "action": {
      "link": "swiggy://explore?query=Cake",
      "text": "Popular Cuisines",
      "type": "DEEPLINK"
    },
    "entityType": "BANNER",
    "accessibility": {},
    "entityId": "swiggy://explore?query=Cake",
    "frequencyCapping": {}
  },
  {
    "id": "600884",
    "imageId": "rng/md/carousel/production/31f03222ea978aef3b10d386729eb076",
    "action": {
      "link": "swiggy://explore?query=Desserts",
      "text": "Popular Cuisines",
      "type": "DEEPLINK"
    },
    "entityType": "BANNER",
    "accessibility": {},
    "entityId": "swiggy://explore?query=Desserts",
    "frequencyCapping": {}
  },
  {
    "id": "600828",
    "imageId": "rng/md/carousel/production/c170aa4262ec0d191642f42a3a03b4ce",
    "action": {
      "link": "swiggy://explore?query=North%20Indian",
      "text": "Popular Cuisines",
      "type": "DEEPLINK"
    },
    "entityType": "BANNER",
    "accessibility": {},
    "entityId": "swiggy://explore?query=North%20Indian",
    "frequencyCapping": {}
  },
  {
    "id": "600901",
    "imageId": "rng/md/carousel/production/0b5ffa32a04d99c1f212d2aacefd5f6f",
    "action": {
      "link": "swiggy://explore?query=South%20Indian",
      "text": "Popular Cuisines",
      "type": "DEEPLINK"
    },
    "entityType": "BANNER",
    "accessibility": {},
    "entityId": "swiggy://explore?query=South%20Indian",
    "frequencyCapping": {}
  },
  {
    "id": "600916",
    "imageId": "rng/md/carousel/production/36184033ebef97d27a85fa3af5c1d403",
    "action": {
      "link": "swiggy://explore?query=Sandwich",
      "text": "Popular Cuisines",
      "type": "DEEPLINK"
    },
    "entityType": "BANNER",
    "accessibility": {},
    "entityId": "swiggy://explore?query=Sandwich",
    "frequencyCapping": {}
  },
  {
    "id": "600932",
    "imageId": "rng/md/carousel/production/d0884e09ef431ee610e54a0bb2dfecd5",
    "action": {
      "link": "swiggy://explore?query=Ice%20cream",
      "text": "Popular Cuisines",
      "type": "DEEPLINK"
    },
    "entityType": "BANNER",
    "accessibility": {},
    "entityId": "swiggy://explore?query=Ice%20cream",
    "frequencyCapping": {}
  }
]
